[  {    "type": "put",    "url": "/plans",    "title": "Create plans with given params",    "name": "Creates_plan",    "group": "Plan",    "parameter": {      "fields": {        "Parameter": [          {            "group": "Parameter",            "type": "String",            "optional": false,            "field": "activity",            "description": "<p>Plan activity</p>"          },          {            "group": "Parameter",            "type": "String",            "optional": false,            "field": "date",            "description": "<p>Plan date</p>"          }        ]      }    },    "success": {      "fields": {        "Success 200": [          {            "group": "Success 200",            "type": "Plan",            "optional": false,            "field": "plan",            "description": "<p>Created plan.</p>"          }        ]      }    },    "version": "0.0.0",    "filename": "./Sources/App/Controllers/PlanController.swift",    "groupTitle": "Plan"  },  {    "type": "delete",    "url": "/plans/:id",    "title": "Deletes plan with given id",    "name": "Delete_plan",    "group": "Plan",    "parameter": {      "fields": {        "Parameter": [          {            "group": "Parameter",            "type": "Number",            "optional": false,            "field": "id",            "description": "<p>Plan's unique ID.</p>"          }        ]      }    },    "version": "0.0.0",    "filename": "./Sources/App/Controllers/PlanController.swift",    "groupTitle": "Plan"  },  {    "type": "get",    "url": "/plans/:id",    "title": "Returns details for plan with given id",    "name": "Plan_details",    "group": "Plan",    "parameter": {      "fields": {        "Parameter": [          {            "group": "Parameter",            "type": "Number",            "optional": false,            "field": "id",            "description": "<p>Plan unique ID.</p>"          }        ]      }    },    "success": {      "fields": {        "Success 200": [          {            "group": "Success 200",            "type": "String",            "optional": false,            "field": "activity",            "description": "<p>Plan activity.</p>"          },          {            "group": "Success 200",            "type": "String",            "optional": false,            "field": "date",            "description": "<p>Date of plan.</p>"          },          {            "group": "Success 200",            "type": "User",            "optional": false,            "field": "author",            "description": "<p>Plan creator.</p>"          },          {            "group": "Success 200",            "type": "Comment[]",            "optional": false,            "field": "comments",            "description": "<p>Plan comments.</p>"          }        ]      }    },    "version": "0.0.0",    "filename": "./Sources/App/Controllers/PlanController.swift",    "groupTitle": "Plan"  },  {    "type": "get",    "url": "/plans",    "title": "Returns all created plans",    "name": "Plans",    "group": "Plan",    "success": {      "fields": {        "Success 200": [          {            "group": "Success 200",            "type": "Object[]",            "optional": false,            "field": "plans",            "description": "<p>List of all active plans.</p>"          }        ]      }    },    "version": "0.0.0",    "filename": "./Sources/App/Controllers/PlanController.swift",    "groupTitle": "Plan"  },  {    "type": "post",    "url": "/plans/:id",    "title": "Post comment on plan with given id",    "name": "Post_comment",    "group": "Plan",    "parameter": {      "fields": {        "Parameter": [          {            "group": "Parameter",            "type": "String",            "optional": false,            "field": "id",            "description": "<p>Plan unique ID</p>"          },          {            "group": "Parameter",            "type": "String",            "optional": false,            "field": "comment",            "description": "<p>Comment</p>"          }        ]      }    },    "success": {      "fields": {        "Success 200": [          {            "group": "Success 200",            "type": "Comment",            "optional": false,            "field": "comment",            "description": "<p>Created comment.</p>"          }        ]      }    },    "version": "0.0.0",    "filename": "./Sources/App/Controllers/PlanController.swift",    "groupTitle": "Plan"  },  {    "type": "delete",    "url": "/users/:id",    "title": "Deletes user with given id",    "name": "Delete_user",    "group": "User",    "parameter": {      "fields": {        "Parameter": [          {            "group": "Parameter",            "type": "Number",            "optional": false,            "field": "id",            "description": "<p>User's unique ID.</p>"          }        ]      }    },    "version": "0.0.0",    "filename": "./Sources/App/Controllers/UserController.swift",    "groupTitle": "User"  },  {    "type": "post",    "url": "/register",    "title": "Register new user",    "name": "Register",    "group": "User",    "parameter": {      "fields": {        "Parameter": [          {            "group": "Parameter",            "type": "String",            "optional": false,            "field": "email",            "description": "<p>User's email address.</p>"          },          {            "group": "Parameter",            "type": "String",            "optional": false,            "field": "fist_name",            "description": "<p>User's first name.</p>"          },          {            "group": "Parameter",            "type": "String",            "optional": false,            "field": "last_name",            "description": "<p>User's last name.</p>"          },          {            "group": "Parameter",            "type": "String",            "optional": false,            "field": "password",            "description": "<p>User's password.</p>"          }        ]      }    },    "success": {      "fields": {        "Success 200": [          {            "group": "Success 200",            "type": "Object",            "optional": false,            "field": "user",            "description": "<p>Created user.</p>"          }        ]      }    },    "version": "0.0.0",    "filename": "./Sources/App/Controllers/Register.swift",    "groupTitle": "User"  },  {    "type": "put",    "url": "/users/:id",    "title": "Update details for user with given id",    "name": "Update_user_details",    "group": "User",    "parameter": {      "fields": {        "Parameter": [          {            "group": "Parameter",            "type": "String",            "optional": false,            "field": "old_password",            "description": "<p>Current password (only if changing it)</p>"          },          {            "group": "Parameter",            "type": "String",            "optional": false,            "field": "password",            "description": "<p>New password (only if changing it)</p>"          },          {            "group": "Parameter",            "type": "String",            "optional": false,            "field": "last_name",            "description": "<p>User's new last name (only if changing it).</p>"          },          {            "group": "Parameter",            "type": "String",            "optional": false,            "field": "first_name",            "description": "<p>User's new first_name (only if changing it).</p>"          }        ]      }    },    "success": {      "fields": {        "Success 200": [          {            "group": "Success 200",            "type": "Object",            "optional": false,            "field": "user",            "description": "<p>Updated user.</p>"          }        ]      }    },    "version": "0.0.0",    "filename": "./Sources/App/Controllers/UserController.swift",    "groupTitle": "User"  },  {    "type": "get",    "url": "/users/:id",    "title": "Returns details for user with given id",    "name": "User_details",    "group": "User",    "parameter": {      "fields": {        "Parameter": [          {            "group": "Parameter",            "type": "Number",            "optional": false,            "field": "id",            "description": "<p>User's unique ID.</p>"          }        ]      }    },    "success": {      "fields": {        "Success 200": [          {            "group": "Success 200",            "type": "String",            "optional": false,            "field": "first_name",            "description": "<p>List of all active users.</p>"          },          {            "group": "Success 200",            "type": "String",            "optional": false,            "field": "last_name",            "description": "<p>List of all active users.</p>"          },          {            "group": "Success 200",            "type": "String",            "optional": false,            "field": "email",            "description": "<p>List of all active users.</p>"          }        ]      }    },    "version": "0.0.0",    "filename": "./Sources/App/Controllers/UserController.swift",    "groupTitle": "User"  },  {    "type": "get",    "url": "/users/:id/plans",    "title": "Returns all plans created by given user",    "name": "User_s_plans",    "group": "User",    "parameter": {      "fields": {        "Parameter": [          {            "group": "Parameter",            "type": "Number",            "optional": false,            "field": "id",            "description": "<p>User's unique ID.</p>"          }        ]      }    },    "success": {      "fields": {        "Success 200": [          {            "group": "Success 200",            "type": "Object[]",            "optional": false,            "field": "plans",            "description": "<p>List of all plans created by given user.</p>"          }        ]      }    },    "version": "0.0.0",    "filename": "./Sources/App/Controllers/UserController.swift",    "groupTitle": "User"  },  {    "type": "get",    "url": "/users",    "title": "Returns all registered users",    "name": "Users",    "group": "User",    "success": {      "fields": {        "Success 200": [          {            "group": "Success 200",            "type": "Object[]",            "optional": false,            "field": "users",            "description": "<p>List of all active users.</p>"          }        ]      }    },    "version": "0.0.0",    "filename": "./Sources/App/Controllers/UserController.swift",    "groupTitle": "User"  }]
